<?xml version="1.0" encoding="UTF-8"?><TaskState connectorKind="bitbucket" repositoryUrl="https://bitbucket.org/HaiWang/debug_helper" taskId="5" version="2.0">
<NewData connectorKind="bitbucket" repositoryUrl="https://bitbucket.org/HaiWang/debug_helper" taskId="5" version="1">
<Attributes>
<Attribute id="root">
<values/>
<options/>
<MetaData/>
<Attributes>
<Attribute id="task.common.status">
<values>
<value>new</value>
</values>
<options>
<option>
<key>new</key>
<value>new</value>
</option>
<option>
<key>wontfix</key>
<value>wontfix</value>
</option>
<option>
<key>invalid</key>
<value>invalid</value>
</option>
<option>
<key>duplicate</key>
<value>duplicate</value>
</option>
<option>
<key>on hold</key>
<value>on hold</value>
</option>
<option>
<key>open</key>
<value>open</value>
</option>
<option>
<key>resolved</key>
<value>resolved</value>
</option>
</options>
<MetaData>
<meta>
<key>task.meta.readOnly</key>
<value>false</value>
</meta>
<meta>
<key>task.meta.type</key>
<value>singleSelect</value>
</meta>
<meta>
<key>task.meta.required</key>
<value>false</value>
</meta>
<meta>
<key>task.meta.label</key>
<value>Status</value>
</meta>
<meta>
<key>task.meta.attributeKind</key>
<value>task.common.kind.default</value>
</meta>
</MetaData>
<Attributes/>
</Attribute>
<Attribute id="task.common.key">
<values>
<value>5</value>
</values>
<options/>
<MetaData>
<meta>
<key>task.meta.readOnly</key>
<value>true</value>
</meta>
<meta>
<key>task.meta.type</key>
<value>shortText</value>
</meta>
<meta>
<key>task.meta.required</key>
<value>false</value>
</meta>
<meta>
<key>task.meta.label</key>
<value>Issue Id</value>
</meta>
</MetaData>
<Attributes/>
</Attribute>
<Attribute id="task.common.summary">
<values>
<value>Find text from web</value>
</values>
<options/>
<MetaData>
<meta>
<key>task.meta.readOnly</key>
<value>false</value>
</meta>
<meta>
<key>task.meta.type</key>
<value>shortText</value>
</meta>
<meta>
<key>task.meta.required</key>
<value>false</value>
</meta>
<meta>
<key>task.meta.label</key>
<value>Title</value>
</meta>
</MetaData>
<Attributes/>
</Attribute>
<Attribute id="task.common.description">
<values>
<value/>
</values>
<options/>
<MetaData>
<meta>
<key>task.meta.readOnly</key>
<value>false</value>
</meta>
<meta>
<key>task.meta.type</key>
<value>longRichText</value>
</meta>
<meta>
<key>task.meta.required</key>
<value>false</value>
</meta>
<meta>
<key>task.meta.label</key>
<value>Content</value>
</meta>
</MetaData>
<Attributes/>
</Attribute>
<Attribute id="task.common.kind">
<values>
<value>task</value>
</values>
<options>
<option>
<key>proposal</key>
<value>proposal</value>
</option>
<option>
<key>task</key>
<value>task</value>
</option>
<option>
<key>bug</key>
<value>bug</value>
</option>
<option>
<key>enhancement</key>
<value>enhancement</value>
</option>
</options>
<MetaData>
<meta>
<key>task.meta.readOnly</key>
<value>false</value>
</meta>
<meta>
<key>task.meta.type</key>
<value>singleSelect</value>
</meta>
<meta>
<key>task.meta.required</key>
<value>false</value>
</meta>
<meta>
<key>task.meta.label</key>
<value>Kind</value>
</meta>
<meta>
<key>task.meta.attributeKind</key>
<value>task.common.kind.default</value>
</meta>
</MetaData>
<Attributes/>
</Attribute>
<Attribute id="task.common.priority">
<values>
<value>major</value>
</values>
<options>
<option>
<key>blocker</key>
<value>blocker</value>
</option>
<option>
<key>trivial</key>
<value>trivial</value>
</option>
<option>
<key>minor</key>
<value>minor</value>
</option>
<option>
<key>major</key>
<value>major</value>
</option>
<option>
<key>critical</key>
<value>critical</value>
</option>
</options>
<MetaData>
<meta>
<key>task.meta.readOnly</key>
<value>false</value>
</meta>
<meta>
<key>task.meta.type</key>
<value>singleSelect</value>
</meta>
<meta>
<key>task.meta.required</key>
<value>false</value>
</meta>
<meta>
<key>task.meta.label</key>
<value>Priority</value>
</meta>
<meta>
<key>task.meta.attributeKind</key>
<value>task.common.kind.default</value>
</meta>
</MetaData>
<Attributes/>
</Attribute>
<Attribute id="task.common.version">
<values/>
<options/>
<MetaData>
<meta>
<key>task.meta.readOnly</key>
<value>false</value>
</meta>
<meta>
<key>task.meta.type</key>
<value>singleSelect</value>
</meta>
<meta>
<key>task.meta.required</key>
<value>false</value>
</meta>
<meta>
<key>task.meta.label</key>
<value>Version</value>
</meta>
<meta>
<key>task.meta.attributeKind</key>
<value>task.common.kind.default</value>
</meta>
</MetaData>
<Attributes/>
</Attribute>
<Attribute id="task.common.product">
<values/>
<options/>
<MetaData>
<meta>
<key>task.meta.readOnly</key>
<value>false</value>
</meta>
<meta>
<key>task.meta.type</key>
<value>singleSelect</value>
</meta>
<meta>
<key>task.meta.required</key>
<value>false</value>
</meta>
<meta>
<key>task.meta.label</key>
<value>Milestone</value>
</meta>
<meta>
<key>task.meta.attributeKind</key>
<value>task.common.kind.default</value>
</meta>
</MetaData>
<Attributes/>
</Attribute>
<Attribute id="task.common.component">
<values/>
<options/>
<MetaData>
<meta>
<key>task.meta.readOnly</key>
<value>false</value>
</meta>
<meta>
<key>task.meta.type</key>
<value>singleSelect</value>
</meta>
<meta>
<key>task.meta.required</key>
<value>false</value>
</meta>
<meta>
<key>task.meta.label</key>
<value>Component</value>
</meta>
<meta>
<key>task.meta.attributeKind</key>
<value>task.common.kind.default</value>
</meta>
</MetaData>
<Attributes/>
</Attribute>
<Attribute id="task.common.user.reporter">
<values>
<value>lemon2008</value>
</values>
<options/>
<MetaData>
<meta>
<key>task.meta.readOnly</key>
<value>true</value>
</meta>
<meta>
<key>task.meta.type</key>
<value>shortText</value>
</meta>
<meta>
<key>task.meta.required</key>
<value>false</value>
</meta>
<meta>
<key>task.meta.label</key>
<value>Reporter</value>
</meta>
</MetaData>
<Attributes/>
</Attribute>
<Attribute id="task.common.user.assigned">
<values>
<value/>
</values>
<options/>
<MetaData>
<meta>
<key>task.meta.readOnly</key>
<value>false</value>
</meta>
<meta>
<key>task.meta.type</key>
<value>shortText</value>
</meta>
<meta>
<key>task.meta.required</key>
<value>false</value>
</meta>
<meta>
<key>task.meta.label</key>
<value>Assigned</value>
</meta>
</MetaData>
<Attributes/>
</Attribute>
<Attribute id="task.common.comment.new">
<values/>
<options/>
<MetaData>
<meta>
<key>task.meta.type</key>
<value>longRichText</value>
</meta>
<meta>
<key>task.meta.readOnly</key>
<value>false</value>
</meta>
</MetaData>
<Attributes/>
</Attribute>
</Attributes>
</Attribute>
</Attributes>
</NewData>
<OldData connectorKind="bitbucket" repositoryUrl="https://bitbucket.org/HaiWang/debug_helper" taskId="5" version="1">
<Attributes>
<Attribute id="root">
<values/>
<options/>
<MetaData/>
<Attributes>
<Attribute id="task.common.status">
<values>
<value>new</value>
</values>
<options>
<option>
<key>new</key>
<value>new</value>
</option>
<option>
<key>wontfix</key>
<value>wontfix</value>
</option>
<option>
<key>invalid</key>
<value>invalid</value>
</option>
<option>
<key>duplicate</key>
<value>duplicate</value>
</option>
<option>
<key>on hold</key>
<value>on hold</value>
</option>
<option>
<key>open</key>
<value>open</value>
</option>
<option>
<key>resolved</key>
<value>resolved</value>
</option>
</options>
<MetaData>
<meta>
<key>task.meta.readOnly</key>
<value>false</value>
</meta>
<meta>
<key>task.meta.type</key>
<value>singleSelect</value>
</meta>
<meta>
<key>task.meta.required</key>
<value>false</value>
</meta>
<meta>
<key>task.meta.label</key>
<value>Status</value>
</meta>
<meta>
<key>task.meta.attributeKind</key>
<value>task.common.kind.default</value>
</meta>
</MetaData>
<Attributes/>
</Attribute>
<Attribute id="task.common.key">
<values>
<value>5</value>
</values>
<options/>
<MetaData>
<meta>
<key>task.meta.readOnly</key>
<value>true</value>
</meta>
<meta>
<key>task.meta.type</key>
<value>shortText</value>
</meta>
<meta>
<key>task.meta.required</key>
<value>false</value>
</meta>
<meta>
<key>task.meta.label</key>
<value>Issue Id</value>
</meta>
</MetaData>
<Attributes/>
</Attribute>
<Attribute id="task.common.summary">
<values>
<value>Find text from web</value>
</values>
<options/>
<MetaData>
<meta>
<key>task.meta.readOnly</key>
<value>false</value>
</meta>
<meta>
<key>task.meta.type</key>
<value>shortText</value>
</meta>
<meta>
<key>task.meta.required</key>
<value>false</value>
</meta>
<meta>
<key>task.meta.label</key>
<value>Title</value>
</meta>
</MetaData>
<Attributes/>
</Attribute>
<Attribute id="task.common.description">
<values>
<value/>
</values>
<options/>
<MetaData>
<meta>
<key>task.meta.readOnly</key>
<value>false</value>
</meta>
<meta>
<key>task.meta.type</key>
<value>longRichText</value>
</meta>
<meta>
<key>task.meta.required</key>
<value>false</value>
</meta>
<meta>
<key>task.meta.label</key>
<value>Content</value>
</meta>
</MetaData>
<Attributes/>
</Attribute>
<Attribute id="task.common.kind">
<values>
<value>task</value>
</values>
<options>
<option>
<key>proposal</key>
<value>proposal</value>
</option>
<option>
<key>task</key>
<value>task</value>
</option>
<option>
<key>bug</key>
<value>bug</value>
</option>
<option>
<key>enhancement</key>
<value>enhancement</value>
</option>
</options>
<MetaData>
<meta>
<key>task.meta.readOnly</key>
<value>false</value>
</meta>
<meta>
<key>task.meta.type</key>
<value>singleSelect</value>
</meta>
<meta>
<key>task.meta.required</key>
<value>false</value>
</meta>
<meta>
<key>task.meta.label</key>
<value>Kind</value>
</meta>
<meta>
<key>task.meta.attributeKind</key>
<value>task.common.kind.default</value>
</meta>
</MetaData>
<Attributes/>
</Attribute>
<Attribute id="task.common.priority">
<values>
<value>major</value>
</values>
<options>
<option>
<key>blocker</key>
<value>blocker</value>
</option>
<option>
<key>trivial</key>
<value>trivial</value>
</option>
<option>
<key>minor</key>
<value>minor</value>
</option>
<option>
<key>major</key>
<value>major</value>
</option>
<option>
<key>critical</key>
<value>critical</value>
</option>
</options>
<MetaData>
<meta>
<key>task.meta.readOnly</key>
<value>false</value>
</meta>
<meta>
<key>task.meta.type</key>
<value>singleSelect</value>
</meta>
<meta>
<key>task.meta.required</key>
<value>false</value>
</meta>
<meta>
<key>task.meta.label</key>
<value>Priority</value>
</meta>
<meta>
<key>task.meta.attributeKind</key>
<value>task.common.kind.default</value>
</meta>
</MetaData>
<Attributes/>
</Attribute>
<Attribute id="task.common.version">
<values/>
<options/>
<MetaData>
<meta>
<key>task.meta.readOnly</key>
<value>false</value>
</meta>
<meta>
<key>task.meta.type</key>
<value>singleSelect</value>
</meta>
<meta>
<key>task.meta.required</key>
<value>false</value>
</meta>
<meta>
<key>task.meta.label</key>
<value>Version</value>
</meta>
<meta>
<key>task.meta.attributeKind</key>
<value>task.common.kind.default</value>
</meta>
</MetaData>
<Attributes/>
</Attribute>
<Attribute id="task.common.product">
<values/>
<options/>
<MetaData>
<meta>
<key>task.meta.readOnly</key>
<value>false</value>
</meta>
<meta>
<key>task.meta.type</key>
<value>singleSelect</value>
</meta>
<meta>
<key>task.meta.required</key>
<value>false</value>
</meta>
<meta>
<key>task.meta.label</key>
<value>Milestone</value>
</meta>
<meta>
<key>task.meta.attributeKind</key>
<value>task.common.kind.default</value>
</meta>
</MetaData>
<Attributes/>
</Attribute>
<Attribute id="task.common.component">
<values/>
<options/>
<MetaData>
<meta>
<key>task.meta.readOnly</key>
<value>false</value>
</meta>
<meta>
<key>task.meta.type</key>
<value>singleSelect</value>
</meta>
<meta>
<key>task.meta.required</key>
<value>false</value>
</meta>
<meta>
<key>task.meta.label</key>
<value>Component</value>
</meta>
<meta>
<key>task.meta.attributeKind</key>
<value>task.common.kind.default</value>
</meta>
</MetaData>
<Attributes/>
</Attribute>
<Attribute id="task.common.user.reporter">
<values>
<value>lemon2008</value>
</values>
<options/>
<MetaData>
<meta>
<key>task.meta.readOnly</key>
<value>true</value>
</meta>
<meta>
<key>task.meta.type</key>
<value>shortText</value>
</meta>
<meta>
<key>task.meta.required</key>
<value>false</value>
</meta>
<meta>
<key>task.meta.label</key>
<value>Reporter</value>
</meta>
</MetaData>
<Attributes/>
</Attribute>
<Attribute id="task.common.user.assigned">
<values>
<value/>
</values>
<options/>
<MetaData>
<meta>
<key>task.meta.readOnly</key>
<value>false</value>
</meta>
<meta>
<key>task.meta.type</key>
<value>shortText</value>
</meta>
<meta>
<key>task.meta.required</key>
<value>false</value>
</meta>
<meta>
<key>task.meta.label</key>
<value>Assigned</value>
</meta>
</MetaData>
<Attributes/>
</Attribute>
<Attribute id="task.common.comment.new">
<values/>
<options/>
<MetaData>
<meta>
<key>task.meta.type</key>
<value>longRichText</value>
</meta>
<meta>
<key>task.meta.readOnly</key>
<value>false</value>
</meta>
</MetaData>
<Attributes/>
</Attribute>
</Attributes>
</Attribute>
</Attributes>
</OldData>
</TaskState>
